1,13-10-2024,22:31:22,7b92c788adb57dfc5918d5718d1c3144bde68f79fd218490b5af09d75034d68e08879482bdb504dfa848660d15c4d233b35e6c005a881eead798205b0bda1cb96a046da561375117dd811f359cd4f726845dd8d2227074628bdbadc19a9aecf1773c916240bec37a8bf9a343e1a757637e3b0ec98f883ac2986eb6659b3a11eaf7d2f152fd763559f413fb9d80c55cd4f23aa5fbca3dd03c92d255a7661bec55b6f178515b263ed3308a1b32911837cf6524265eced3d863a318bfb4aafcb092d3939f1454f68416989d0e73ab5bb862a5b7b8642932ed11b8071c5b3669b0d23b88cc6e3788864a3f07e826b8d444f7811908cc2905ea4ee1ccc3d385c9d6f5,95de2b59e478df0d97c9b6bc7ff914da91a748bb36bdd645abca949dc74de41d9bf69166d8cec9e4fa2ae254794f3dc27bf4112cc34b30f095f5f909b5f3fe041fd2c60ca9bebfc9c5b952fbf2f632bbd0b48b486819e2b07c5ed2a42073451eebff4704c2e5acb7ac2cefe33dae6572e778b6f56d47702b2588d61dc847bbaf90c8a32f2d086d8972551c057f0b89579d3100c6d41547dc2803c6b4e859fa929b4bd2fe6e8925a538610e516e0fa33dc1473a32152d29f5b1ca5d0aad941dad3f0e09a6016dc3090ece1bad2380c0a3d61c5310e43a1f18c8993c8b08440bc5f0479280e4d5f0a64c3557608d81055674ca993cf44a66aacc9e14e453323bc0,2235bdc99f0c394615a7e05d7eb1213094f92d3d5be47e490506dd004a4ea717febf61715d0491bc4a61960d0251caf6f26a76dc307074a12922377a17dfc4763c1636d88634360e184cc0835c02d977e7b442ae9deb6ba22e5b1a98a32c14aedbf03c0b047c5985eba04f41f2f7b2f3d9cdc242c94e8dcaa99e64abc6e068325e916056599e10083b7c3b1192d67df0f044daf0e2655c923ce45d0ede4b0c71006e30341fea8e455448a13557bf999cbe9eca221e80a1d0bcb38188b003c683cec427145457d02c375edfb6e58c6bba1efde37da388c7ff0ee11cb1e0017ecf1d63eebdf99e3f6ccf7f827c401c9254c4bb3632e2b67eb69f9b953d2cef298a,42101e13485a4ba4b760344e1e11e1dab468ce31d5e259223b5ab6967c3b536731245c99ac602491892e6f6cf920caacc6efc0a4212705a3dfdadc59a031fb1ca17f45e0ea2ea2493d662ae2bc81a882f5fe6979ce899a0f2fee6197e59d76191a16668438980c8e2e1daeda3af4c0fb2480556bc7b0fdc1f31639cf33300e18bc9910a0c0eb01aa4dba383a626176ea6d70c0c38db11b5248e947abb76cfa719dd93d33b887fbcdbb56d86f421002f205b851b2b83883f443b263f6e5eb0889fe4d92a7f391e6cb1431a16eb4796aaaa0c14cfd414b5ddf422dba4cee3d4e63aafc3ceec3403502fcb36236665ea882ac2d85817bcdfb7ddc929cf502017062
2,13-10-2024,22:32:35,b6c3dcd0628451d202bdeb8623afd1ddb511b834a92cb27fca3132befbca8f9c7fcbdfd1e7685f0f45e37f302a06dc38a89af0125f1657c617454dcaf9f656d4848826abe22dc56361e4a22d5b2057b0430f5377691cfe325c7abace90194b36b67001ba79c2aa33a0641bcf6ee061c84dad71238d4a33fa8768fb002bceed13cde88ca99b023b4f02906f5225bc9c543278aff9d0297c930b001ec79fe872304a42d85aaae1506772ecd69614331438ba47b6f6429082da958dd37996c0cc0d4fc3700276c65a09ec6065339b82f16c3278d2119072b614b049be293f37558263f126fc9e7ce85cbb865abc70ef5b850bb0f70e51b89187e56f1da2d45397c6,31e20ed537a87936ed960802599ef82d74d9f8a6b862070221d0d53671ccb0d30b9c0590aa7bfd9083b7cfbbcdcff59e3a9b57231757a2278693ff19805bd9a238ad57dcf1feb275ac6530d1b0dce70fdcf035f654a4e9e113a25e0d2cd63f79aeb692fe97c4dfddf8981c229ecd38186ae178e08a2397a7f9e835aa887cb424fe080a7c150cde7129ea6525a5d0ef8227a9b6a975889f2230e74acb92cc3ee9ba20512c73f6c9b14ce65746fa3414c980b99c779f0ec779e16ccae9fb0ea6dce6844c576042ea09e00a2c0477bd9c8f0f7b424998ee667239dfebfc1bf6f71ca578cceb391062f6e7100ca96a608b0a0c26f581fe46c33c3210c81cf959e58c,7a105a2ba50ad8c24e5fbf4beb7b60c0771d44f417c696deff08140e89be08808c61b13e1b40305b2b7708502de592f6836e2b426be70d4e1fe2aaf2062b979148c1775aa8d12410a71a8e3b096d8ddfc6c892c510579a24969c04ecea64af544fa5bada686a8a4c4f9bdd83aa55f228c67255c8059fbf405e714051ed3157479573904904f9aa521c921f60f7824175ecbb9adfa3809a84292defcf3cc801b9e72520e0d48d75d8b91c0da05d4022735fa73a6be738474b0c90a9d1f9b28bf1ba97509b128000b3ddec115e5efca58740f60b35b7c13e10c44f267500510166ad331bfb613bf856594db7c6c62bbc500bdcee33bcccdabb2d7789841cd78e40,af88fc604e5710fca899d00f24147d0c03006701e1fab10f22ddd0d8349caf87981ea6b1b8720a09dbada1d375fbad23d36d791d3242176102c5311de9d2870bfdd7d489332ab044f48dccf188855106b59d7e2af4437091ddf342fda2581f99d2570f3517a75ef11fbe81ec19b9fbf72e214c70a25ea0c5fc555db20b93dac7326748eaf3fe45544c928f4b1297fc19e26d57e0dde061765ff4c211b8103b3dd63fa8a928e64e3aa4de31bdbacd380d6e02c4147e3e6ba9a9de662795a7c381d73604e2c897f345d4e2499d9cd517fd82961866b4e975d64c49458ca0d491e93fed096568c169ddb2d619e0d4de4238e6afb025002ade1533fc9c86b90df57f
3,13-10-2024,22:50:04,98d95b9583f50413585a16e8250cbf471f2a91dd12e6863afbd11cea509dbcdc3116dd52441d6cb34b3df6d0c7c221525a23763e5eb83afb7d31118815195e92044fd831716c0793e7a980002ab5cc5858a28228a528209af3525b3827984f7045bbf49464f9d90fd2f326823ad74792038a123cdee3609398c207e972e8d088b064f009e663fab1b76533f2313cbd4f5fe8739a1f2a6d0b5a6f793cea7bb6332c9e133f6840ede18452f74de908a73f1aeae64d9f8dc202acec2b256c32c3a634b944ce069f174344de48c0238373f260338ee893252c0b7b75944203b937198df2443eefc084fc5de40b2e2f64fedf2e5ea50a59f8c95082638915aa859827,65d12ca241ae745e086d35741bcc2eaa50967c664c959e666aadf166f9f30e978005a7e342744e859172b8cc969a2a882370093f8ce80410ff7f3cf95bbb13679469d881e2416645e7c56b8f9d168b2643c9747814fa8442f8c49ac28c1e6031dcac075f90363bc6ba21c1e22a6aace2100e7bd68ec9e28b905ed46c37ddbe6c97c93e64103cdd5369eea50fd41f55731bbb133bb96c54cf41f6b01d045eb660dcfddc55d380a3f9106846a7770e49f7a3406b60264808a07ab88ed99329d43a191d732ac357a25914674931b45c7236a6dfc46de625bf576eee8f751c12d10370fe1a6f9d18a2509ba1598dafbe92d58ab2c5bd2e52646a621afc47a2d3baf8,b738c374dda6e68f2d180a2d52f465bead85762f2deedb21e1787eb88b85f23fe106a4aa1785fc3fb164f770297e6393e37f8cbcbddd0319f1ff0cfb051e21b0f104b2a773892c5e0febe3fd58331aa40047816763b333deb78ecf417e28d3fdaf13647cd71a83d061486bf39893b2098a10c01fdc9e827dcdc341b2a187c452946ffba0109ebffd4076f63c24fe54d3de9f39e86cf4eb2c3d1e1f938b7f8c58c260a9f811836cf24ae4a36e5fa7e4562b11fc89ad8e452d824525eaf843c4aef7ac312b7f2685f50bec0d7bf8364d5a4388d6458db1d65447ad2fd364bb916251197a3e3f4ae9b5e574dd6b02886d3671decf311487e135ea17eba9b8df8244,8c5e57f92ba87bf6db04db24a32eca349d4a5393699bfc602f0005047bb410796f092f754b27403aa78ef1ac2f8695d957daafc4c0ebd3dc9c2ecebc14fb366ea9c7aaf43fc7a5d0ca87dc6d4dec8ffb9ede99b0b6babc154c53a5afdbcdbe5bed839200c87fd669d53ed5c48a5f66b0c35779cd488b775bb827784d8740c69943741e5464a40a230c5971b2f1b95e68213df7d18dec08b552c8f64b0eafe292c9cd70c7f0493ad2807a78cd1477b65f5e3c3c6f45fa3cf1344a8bf70c1c56af6eae1af37e8d248e5d452b0f73eef91835d2068f426c00ed3d60b44f18832eb7f72d1fd6ed7b6e7fddaca79f0fb615fbd1bd61c9a49eb1bd5de2bb1a5ca8b35c
4,13-10-2024,22:55:46,9335ef971525e8b1fd97af3f55175f5c0bb6c5c749eed07db5febd4ec16abade8dd34ca52a41fd6bcd5da5b43dc5fc3d11686629c7e6251e350a70f8a60eda07ff67284655ca09ce019c394f35f3cd04eb2d8bba73a51009d03b5305c87791d2a6bbe31fb45a406452bbf7feaebb726a9b916559cbadd73620f07ef033c27369e2f03b1ae544f2e3d47379c504f0273e0f54193c7fcb69919154f72204bd90d592b6f51653d87deb10cee3f297beb69737b29994c8e80924324ea7ab941c46bea0cb79d8e858cfc403da4a83ae3df5fa84d62a363afe7f367184502521d032b9bf04ca31ebed0f0f6ecab1ab76c36ff3b707556d32141184ae898bab713742d4,1c45a69ae9231e3e951137c1c567a58550de375ba06fab857a98cfffe1c762661f9ca4daa8552991db56ff1c84d3da65df63f030170f894899ceca587e192b805cc51efaec1427fa5a7071c06772a93bf39c84e2a7dd5304906683375921fd526e295024afa99eef4b7b42802a67f30d8f579ac057fe7f791710aebdf6afe9a9979d8dd912ac9278c57294f6638ee47374d54219dd11c951e2836f5c3f83303ebe582ddfe8162f3e4d73794e5081d41dad855e8d4d7565c3d991dc40088be210e867611b5b6ccb7cf2bbe2353f4873c37e8c443382edd756e0cd193aed1895a398290b0bea5ff1272c0a54fed7c3d4ad48ab710aabb69635ac7e266ae9bbda81,69188da5281222e0b72ca11727d5226a3eb6686b6fab7b9cf3b82c0135e32442045619c10e592e3bbbbc6e58cb2ea52a91d978630d33e1331d72e21b9d79d1a6fa91a3959117a09f19bd0aeed7eab8fc342ba21740de1f347ccb5281af07a748e263160d779d2a6fe6f4655943122883900f1da45737fb1df3e7a5b11143f0fff0573e63c8e6fa87226975ec12ae578f0b8e275647b6f21d4bdb8bfd88da88625328264788caf62cc841a4017b2c12158cc4dfe3f81f90f070e59559ae397af16268a106bd5bd6be8057cd3fd83981be79838cb4ee92321f3e88ae92007146fdd53956d74432533181a5f09117300843403fc8da0dcb43a134e90bf1fa561824,35505f18f91712016965d776fda89acdc4b18674ff241cafdd8ddf84724247edea65b245cf94d6b50ac3056c9b1be9f8cd02365568f5f7d2d41a69d9a4640e3864cb73baad9f1080bd4397619cd4113d61f9dc6fcfbb01267216f52b3d7f9b10281ad61212d87b165815fd83ed489625a3246005078fedb2f3086d21dca0312ccdc65824fd3c4e71442c35c4bbf0eee2dceb4a3e8b6b6cb179f73e036d9fe4b462678d8537b9048aaf1d476985814c62c1cc6ec39486cc2529a87827b3ccbb72bc04c06c06ab266eda0dc354dff91a4f52e07fdb41d46f8376d89e681f7b2e822336b6488462ba10c8bdb25ced7c98fda2cf929ab504a371951b64d1c409fbd2
5,13-10-2024,22:56:22,31aeb673402782077cf88d53083f6b9c501c0075bab7b9122b6a4bdecb4904f8f2d3c6ffbbafa8ef1fb1c0692ca5de4986236395e77859c486c0c26443ec1dba340683bca3b9d38f7d9606d483bc373c379a582e1399e5a1b336b1933198db4290a8b52bf5c982375154ccd9c6f5f54fb8e5c8f61a6bbfdbb141d07ea973ebffc8b909c82713700d035ed26a703f87c9b1223faaf06fef34692a2062718909d4807a93cd31b314b31cbc05513c0f604a713436df7f81b51c0be0160fa18116476b6fb683e05a9b68e68950fda9240b051d74acbf77f43daa57b3d93ed4bc19a2ec161945ed142d31f216630bf4f31e1a0276078dfc123c9a69b231e5c87bcb2e,2fa96f1efde3e70d89c6ab399c6052ce6be3496e032faa93bc2f9124693048cba4358946226cf8c380e2ec21f82425bc4364b69ee6517593fe551aedf3bc22c4a65ebdb7d1ed2830edfa4afa4116299201681bf3badd96cdc25b85ede67d62286aa89a46f55a411f6dbd30e63d086d63dc976462364407bdaf8a03e6bb6d7b9ad70da7842dd5fc10ab592b8cdca322f330a85933ad539fc1f20f025c0759e24badba3caa56439af40350da1846d7111dd5fa9aba2260c2a8f186e529457a76fae6592d5c31308e9d74db0d035251a4a2c7ca4c9a93e8ea26f9a3ee21a629ce60bebf2fc2a4c509d139e8c5486f500facf612efe8e187986a5421b300ba625efd,5472105b140332f6810f3d6c8518d67a5e1353daf5ae0d291f77fbb49e52a73342df7f714014c6e64d4bf38d664bcd21f2b7f1b7877898efa5d3c5d36592bf841388fd0de730ba1fb70d8f3c599493a7907298111403d4342cae2e2afbf73bb8b65e57d95b632e076e47d8f250bb70cf04075ad20ef5e712f1d9046c5dbd4137b06b8ceef9f2e93485792c86bc5d4d152883743105119312daa8b46deee9685df6128c88f06b13b88dac211d3e1f415488d762873ef8da8920cb0fb233782383b57552c47393d2755111bc612934bdef57aefc9857b36b53e098cfcfbce19062fd7f7a13e152ad34ca7657d4ac27fe0d02f024f5d82f03d8fff672621d2e1ca2,3bc348f5ec5dfa1a95db8300575996e03a2df4f4efd91e88119330a08e424f20d0b71ce93e1ab3f18bc832648074e924ab969dd61eea1c0bb480807c763b7194d336669143bb6b3c7926829c85b4e7aa29dbd3b1bfb9c93f492b94011dcc6274ac96e7a6a0386ff01762dcb11e70f842045f1723eaa682f4cce3950cbc0efb3d083e5b237b8abe49ae3d83c0b7de8a057bd0544b60c368d52c6f370c1cc9bd417ad2fb6609eaffa5fa23b655483bece219d043385de04eb56d9e73f526297b8ced96d9944250018a61cab183b1672225bf993936bbfb67abd52f14152a546ff1e0d8750c40c4213de7790d8e2372159693448af3174ed715584280e9f56d2dd6
6,13-10-2024,22:56:28,b28e18552175e5fb471bc31ea32c9a68758f0145c14440ef4125aa50a00bda659a1430440e1767b8bfe19a62f5060c90642acb15cfef31383e8509569f96170a1cdb069c32b183e6cf1f243f6c51d86efbac90c9db9b4e9983319ca967dbfb5450c5583d78ae193cb60dcd9eab2144b670a06bf9320457412b7cba80e98097f6f4173dad512c467e344822cb95ddb7eac3dfa69a3e1e8a890bd21797157226c3b2b6f8b17ee4c2e4e80ea51c4555a478309e382bcfb9cd2055685f5f1295234f57895789c61e7c9d2e8ad9bb57c468c01a2e31748d83d8bcc06f9e79b7d5ed01faaf1be66f3b16550147e55c671a4c77f295e599cfb917900f46c40f2e632566,7aa6721862a2b0cfd5933b92f28df757d88f84365c8029fbce97e900ac90c61a04bc8ddb5e8d95514804664c7344ea670943d890449c21cf46f2f60c4a03e79b024bec441cc7e9acc4110738470528788267550c7b35626eb13a7c66dfe7163f54b00625c0f672cf3accf25faea8cfbac4a39b3de17e60d522ff102865bef41894fa3c4c3773afa6e25ebed9e91f017c32ffdad89b9a0b48f7961afb554185800c1f94f3239e6a0e513e1d0f182be5efeb3302d795a4b12d0a6a369205b3ece1f7f34017f06b557c581c1a2140824e850b72d0e9455fca23592108fbff11e07d374d40c332956c8d3ae9e057564164f9948823443bdee9c0fca5439287bde3fe,53ccb649cdfe817e45e87402c0755ed004659623169e9feddb1a7cb3ba5ec78dbda120b11e5b46fc2669af6553c0303a41836952d26b0bb0f8257c10be0ff2a964bc8ebf0d98384fb8211db6085edcd04534e9a3d08127a116b238ac9f7114628623d03823ceb206b8d6a73d009d3d5009cc96cd65a36eb8b15421eecccc1da6432db11514182970f491c2266182d85af725ea8677c1924595a22a87b026bda015d40a80d92bc482f3393812da74f03bb4b84ffc4dfc7b1409bbeb05134e606e7066c277502d016ff58af04bdd620a246caf4f02360663d7e5c1169d7ac42c89abe8f1375b7a4950cfcdedadb155d10f7c00f51f3896ce41a0b31c9d45961a8b,7a04da1391da43b22417253a77692ca19c4d747b5a1aec6c2b32ca5dd12b4cd5e635d00aa8f553712890a6cc83db48076f4247aea68bc52efc73c60aedf447ab382dde23a6a99cbd76459704baf6924b0755635893d4db0cb8daf8bdd5c4ea855645a72821682275bb43f33d7cca8ac6e55bcd3fc21241bbc4d8e56a91f96f22a4e20d6953f538bc8552253389b2950ef3da27f2a8f8c94924d5ac24936c6008781710119fc9fc1daf8d6d5ce0ac92f6af12cbbd53ac1f22a4f7cd48240aa5e3ebd9ebdcd6ac58c99027e49b5e617214db378bc99fe483dcb0d229c400faab0a10544442ee72dc2d7db3e773fb5378c2500442482610c582d8e09b186ae2a113
7,13-10-2024,22:56:29,8e3b0e94b0de6994c0f1e2a69a079abd8cc90d51f3868bd183bb7bfbecfd4037624fe724412688f7df5111250c4c86b238fdd2f7739be84876ddbd3296e44ae98d69a03437c8ec9e80285847a4c25bdae7ba2fe738369b6cd57e693d1d94125c0bef735b4489d85de2d4b93f0cd30ac4bfd4799b5373288faeb85da52efaf9ffebff67b2f03b64048b5e2d9e435c81c67bdf3a4d6af92327aac6489b94c65a7b9fcb0031441c8c2331cef08186b389f510311ec913fabf4429be0466996d2686bc5f3753107e6dd02513853555a8a97ed54c81d28ee07280d1b1245648ace3965b652cedd17f24a01486ce9b0a60b6f367803425a6a9851f318bce42a5bb0d2d,8510b3d6384886ac23dfdecbfc85ece4813d634b3d6a659db61db434129e00df8ad7e113bb6b30d26a9dc524e160438380bebc17a8ee8b51199b4a972ceb5de64c099f2dc17716788e082925ffbfed7436aa81ed3a35f19a14b7720628fc03e6fd64d1900e5497dd9634b50d9d2daa351e1252ed41edd3f3ac2d06fb0765f64ebda61a83246dc195f0ee12ed0fcdf695c85d5972eb5fea95474d0d34399cd4db17d844a3435378332ef1c7751d58fe6070d3ba3dd67ea412a6b67c0e39d49ba53affe447203e81b13772185f2043f5cde5f028a228219dae5d80fe1792fc8f11b576489fa62cebad5eeadc43cf9ac4f3e24e95dfedc873c5f3b8088124c1bff1,795762dc740b811fde090db807fd3f2eaaa8e0e231aa824a533c8e05f74ec9b011f6fccc2254203f52c30be837f989f4f57a798e5341a93efa3f36fac13afe09f47b33f087485802bd28c1b3a013bcc3650728eb179dfe7a142543393f5ab734406294fdb07faba325823ff1cdcf6847e17f337f371f538498af2c3f1e64e10ea43cae98c73b19aa0dd696a70935f64b1aa0e91a44df9465a23831e63a4aab6f0d30023f7ad33995fb46aef951509d284b0a33752d5dcd1bb12e5a181bef45053c836b108b0e3c06d80ff4815c954a27d62a4fe0266ab1f5525e4e3c45761a4dc8e937a23189d590748c952a17ade36e0f5805eabd221117c0a2d5e5d5336f00,bdb06994be967ec41ea8ff4017a440fa3e9f1bb216746b9e52a3ac57effab6b0ac0e44519c59d9dd2d60ce37c1d314a77e0de46f7ab77b65b76be9b3a60d3c9545bc14567cadd5dfd442df8258332c42bb10b6fb6822bba3a8aaa45423d272e1a534856de251a47f30a822c4df602afe95c3469e1b31cf756fd198395867e700a72c3e6f28e9ae21235415453c958ffc293d3117cd29ec635cb07063b5d789cf7126277fbaf35bc2618992ebeaa6797a9be7f9dc9063ba9e0a51f76f5955652a29e92b8983544472e92cd90f9186edfb66f3ead8b44e2334d8fab4c6b108f9feeae483541b79fa732ef11d2c0dc2a05f907d2a058cd2ccc8a805dea11a094782
8,13-10-2024,23:07:26,1e821efb1f999ffe14440db51a76f4d709b7d1c71bc421eb964ca2706583db84da433ce1b8b01af243c80dea8be0fbbf64a5b379244dc92176b098ae2f74ed2ca39c13ada9d330f88223c6f6f47d4af4e86a2b8255720db8548187725eb5b27ef86f614bea6550503d0d9c8c7cfeca9df1467919dc43437b849fd7229f755ff9df77f0f8be9f56654491b6d2b25197518ebe19978afd462e54fc13c66c75b8013de92624d8ab73b8d369a33761b602af21fd4153c381774032e49569bcb859fa4788542481060556f3d64d3a5d5557c7cd346cf0d35e866150372fe1cdf472deac29026d37aabd9510f8bd585fd762207dc19a7a6b897f588a766987a7343d0b,95ae26f0054ddf02772b8ed9bbe9af17711f8782761083d634dfe6b2d78ed86e3a3f7b47e715c893fe1a239f1d14fc8bbdac72c922c063c514ddfb1efa4b3a042078ed6ee20c9960f4759a7108d4b35b773f9745be3a35a90023081544592ff72abd5bcc1dac4bd9b85aa44e09aa5b9ab8c6e0d8b7616e328107d1a19372379b14fdd0dca83f8d086d1708778c1e1d77f6eb767edbc47a538aaf20051ba1e28f088f324bbd5222833cca6b643d946d11960122015d73fb77aec0dcf94f4f6ca2662bedc24785eefe08f10fcac4446bdbdfbdfbfa29256cf5184f672e84599f6e8e3ac4532f27832045c54e7b4d7ff36fa5877728a85b8d18e15492ce69db61ad,23009a63fb4a5091073516edf54272c196bfb8e44e1ae30873bccaef7cd626fefe006b38c1c75620411185561d4c6ea7a8dfac3c6b65c88fd9cc3cb9461b52931fcb5cdc3804bede4005e403180f4ef8cee5464d60d7b6b80311b2adc269b402ad9ef757d88849d1eee622b3f35f1d5462374a107b14f9f73b0e0abc02d904fcfe58954063c079c5bbb27210533a3c11ea779d12f9cec4240a8bdb8e121d7a5e03ab0a2ac28f2b882a7b70830f2badeb385fb693c8a42587295db514f3c95d5f52f1d249ab408339fa12d9c06b21386e759bcaaa94862ad4b0d3837e0fcf9468d69ea66c8324dfbf8059db286da7157fed9585f1d4b04c3f0a21252daa7b762c,349ac73337aaf591c69bc185c041d95e6f5d3421cbfb9f35b168afc3d3fbc0ad8c3846ec11a67bf269af866d6ec19257f70693b8cf9d45e011e6b0c7c17bab5468dfd67345d64fd2cabdce594bb54c40381f54b28af2813fae6406b4b5a293cf10442b13e341a1ccccc2909bfa7eff5ffdc47e24c4ec7999f9c7d8de7c365b294b43a3eed28e4dcccf573c2e68d45e3fdeecac681af2a9d48ff801f4ce29b5e3a9f0d95bdbf32c70654b0efb61dd88115408b5e2d8c42fb5b7a733c1acdb8c079b9e8b7a373f4b738ff15f6d6fd96293a24f28867090465557bc28d7ac368a855c2fb3e98fe97f73b45850c32c369f1ef85d81480cb8923ab30d7e17666be257
9,13-10-2024,23:07:34,84976f811ec926686b56a50feb27b0ddfab7a49a9aa91877f290f100e4b5f0cf5a4dbbd541eb7546a4377af4ebad43966448e76c8e78ba5b3812df3ea5323c3e2664c78bbdef1a8783304ff81b340d0db22af8a6be94f92a6faecbc274e7fe93cb612c937945c83b58e888f1f20df6adc6d363fe5bdb175d26ea7099b5919d67c081cc43451dc045035e9d8241980cfa71048b8d5a56c00b5db71476fd9c8176aaad2c2af4b4ec0546e65f0f3fe8ba47e30c65882e10c764717442e0c0aad1f3725319b60deef8f30933bd4617d547a818db05a30623a0f106e3062738d8691228bbd0ae310e74671c12d77440b825d0a1e289aca0b908ff250ddabdec74872a,5f193123e1b9638c06c0a62653b3682c33b1d8007f541d6b05f2b25f943965b5b1aff29df6207cec5210bcec112fc3e47b7301f9e547c5469711770840820185d2cbc1580bace16a90d799f25f96b3e170bf27aa1fe7384ffdcea5c1b58351361e9e504e0cf67a67b7d2dff9c10eba10014e7a62468de15d804bb3ae55bdeccbae6d059ea73d2e6956d0030a38316ac202b9d4110db088450f0695195f29b33b10e33d207a93b41226a461c665f01b5053b84bd560a6dd33e90ab3841e4da35db05d01333d6c1bc1fe17768bee1cbd60e995aa3990f9ab9f93025ac1758bd0e49e77c7e1ea4d94c825f42ddd15ce34ff2f2a0b1e0baca49b57e279fb69196386,afb819c810f5f565b93a7285310ce81df345087a7789c10e21ceef2a60c9578ae6b6f3baf1bbd660d4d5b5894216238b5819c79ed5b1ecc0bd6df54a26e04b9e461919ba6626a0e5bde323d9eb4f2d418f1e34128a421e38022cc2a431afa187496c36f3da61c7ac1ae29c7d4564f15535d25e8c4505104dab0a41c1a43599150d77fd1d7b5df0ee93ff468c4d2c499980f45e3fbc11a693dd4b43a2bb4ef73100d5421958898fafd8fb47a303acc684ef05a8a0b68e5846b852f94c627c78e1278729224c06ac7d0902aee07d465cf9c8b4bb88aedd98b2fea0287f9220d797d36bdcbd8bc6d8d392542f14e909bf647d9807da042cb4c225b3958d11bcd71a,2b2d154721b68f034560a0d067fe27a482a615a8b542e7520d834e9d398f1b808f562c91e1701766d57a88e4e0329b7e1152e55ed7effdbb4eff4cebe70a32d0dfbb31d0a4802c06a7bae4254995da3c0ef22736e1f361aa177e3810f174ce6a2441b8fe4210bee2730a16048fa07c25e5e73bc7bf6878496d4c6b1ad4fe6d2678d056833a1dede62d4f4d563637bb2d6de56b69d5e70e51c48573f210f10f5b6f658a74cbe695b05fad22ade76fcddff99da3b1c1483814f6737a022cd61b8b5d87567e7107e51174dd29c433a1ccd2607ef199fb2ce22ebc3c7b1a9dd6e1433ef5d81b939792265f0563639b9cef974cb180ff424250ae94104e93322ac8ae
10,13-10-2024,23:08:18,4df758cb989576ae597dbc83a033e8e0d2f5003c4cf46ab2efb87ec16afdd6feb19a20a227380e77e8e42be34faea966f0967c704d60468ff34b3e957c22b20c504249705f9339760b6417e683b5cca948105ec8462dc88842d69ca3c355e86b1831e57fbb03a90eb054b5eb5b748440e1a3e652b82f80566cf6263d1362fd84d149ea5e5160d04bd01a13f24e545fb539b5e651910f7a6b7dcf510486f06a4537011c08490772f38626c04ba97e09632f1207d79d24a931a53cce4ee4725a978e76aef35d320fc114c17a10cf4af70551617ecda49128f79ea4d45dead557dd37e5b1406702b7e8764c69440bc4da4ac01212bb237add31dec7023da5e9acd8,4728fbd26456c58748534071c43a7bb7576f42197440d73434a18233e9c35348602d35a60ecb9288832ec0b4be9f3c9b67d4a42f252c97d58835a9e8b9c846f8394521c0f88e7b144d15578d0a6d9dc6416fc0f0139aa11e240c2371fae3c109b38dc7d69c8b446f2610380b47e917f81081358011ad1715ee0fc094be4de6b8af7fd9c79eb197e863209c2d2bbc516da50c8e334147d9dcc5bb28dc4d57869917ab13a8245a4eaea11577c12e2fd7f1c1742103429bce83be24349c78c886a172428edbfc8a84136fa48e723bfcede0f1cfc7c3ffa84434bf9de5bb4a9c3e3d3e175fd2f2816edb824fd20ff69b6710fe6bae7f224c796077d48bfbfbb62f81,6d06dc1c289460646648b4e84903219ba7839781647c5e150f6ef5d805498d8fca660b3c1d26bcc236f7c4b5c0f4e11207ecc0fcf5ccd340cfce26817a74e771c2982d225ec9532c29f54403f3796deb18811b526cf055c067d36ad41254ab976dd3b7630482954cf708d0f2761f3d8e7846220af3f2d05aba7e52574429908c64120971e033744b1f9542bad9b7dfc25c6cd24ff83a0a491d09cd91b9ea25fb3a24f3fcad0f2522453e67cacc0ec1a76885d557fbd00f90e04b401beb9d2d1c8d896f3a9a623c936ba9351a0d4f1d33511953f39024339f4b58a9600acd531042a2eb3ad0db06bcd35b518fdf989a9a05d027b20eb4c60f1386e3e98b9c04c5,af08dd717a6957e878389094836549928ddce232cba41cf4749ff35ead4b25f05e61e707fe33c8ed68cf901dab211c776febb19e6ea3476d056f2d3ac57870710d5b534e5a4b45290019ea89f2073cc252e1f919488c1d8c833cb720eb1efaf1d7376f6232854f027cfc078bfefa167c2dccfc29e9b9d045a978ab31c80a3c9b2cc82aa3701bbec9f2fc3e1e598a4f02109d595631dce1125a71bc1b693e7d51ffde37def8ca446de226c56dedd57a11e8cd0a9f2ee39672188336e906aa531c53a2a8a2ebc126661c63eb102cab3e8ae24db383b8918ab602a13080c53634038a8b41fda1d3007684f3ebf0b38c4850efa8b417c43f05441a8ed4652349e325
11,13-10-2024,23:10:44,5e2e8a1868ff63cd1b255858bb72ac046d11e4b4be6a2310591d6bad2f4509f95cb17abadaa535e94fc1581ce6e062eefe610f45d0b1e8e3f7f541bca2fda3bdfce014e6ee8d59abf6f497ad342e8c656b171d6303fd09f0cc640ed356d89a0b4f9416d023c22766eb921a158e35c6ff44d1517bf38b473d737373bbcbba06032823db85dc110ce46a0e98f79981caaf377b3531bb4e372350da2053803da20e6797a81817d98f4f705cdde67d6d1f80d8beacf5e532935e40dfe9e052820aaf0d0a22e8516a777c08b70a8623f9459b6f308308b28835cfa7a00240d1f58e0e5e3f39f656f30f8089699e861196c926f242e8d65fab4b2eaf0e7251d11f5cda,ae53c6a3cb664086160740dcd9954a79c8dd59f49c82000d2794b4b361fe37aba4d2dfb2410b8aeaeae0d467c863149cdde37617514a320322596b90f28a6ff62094f7bd6176440c6a6da97c03c85376c5bb68a071fa58a956f40cd42bfad8bf03ab7a99b269184e233d8c9151cd5ebc0b4cec551acf45ffbe307334d637a7ee71969fc345279760c5845276836f6f08491122dd280fb1474066cc277d84f703e5c2ee9f3af159d86d304743f9ae7e2c7f17654dba705d287b84c9c90cc8b17875bc873a24ba59de89a0e8d0e4dd9ea9b01e72e9e440b4b676a2fa0ebeb177c2871199c99ad0c3fd5af57f2ab26073f1e9aa34de7281132f402239ac8fbeca57,a933be97d01efb62cbcb5fcb81ecb63a20e4df2dc99d27cc1d8b77747aab9cfa1c65fd45aeab650df3535cb2bcb157c0833c266710070627938cc4960621534f00f1215bac2b3e2c696bb102a37a33830d79d96f2a50a72649c13d8a0000f99f2ed85b1220504f572422c0c07981f364b48a0805df01975ac3b8af476fa082ce7ba1fe1e9ee5df5de9ce17644853829cc6ff6ebe7d80a7194f1ba5c99197b6dc91ee5409a22fe2ca9cb483d561e4b84acff62d23ec9099dfa0fb754202daee46330c3217d23c4c93fa9e64b387d1644a0bcce53ef380fd21503c6c28fe2088d2e0933f2e941e860a93a48cd7e8cb681cf54d4c0083f6e2c9b37be0a82dabbc60,50fbd22a89ae5a0ec638c7fc28765f42a2a3bf2a91a779785d3851377be5f4057fab6954fb6562a336347b589320b96835386a552bda586b04af9decc403ca784e0740c49955a3ad5d37ef2d421143db9eb1029e9985b625cab01cbc89d06504f089c265f063afcd0e6ca08c29e07546f147cab1588811e04f8ceb14bd15b3984ea23bf6100952795a357fa06086e758304488bb975c590179b38f6ee419d99ebd01ba6b42983bb6753d1b5d5b5ab308c7354a37beec2627d9da8c99aa2d24ec863cf4835825d28b1f920a614f11d9d59bcc4643fb0907f722f9cb6dccc46049fd5e3010539f415f823caed310146042bfe77bff71c7ba5f9b0e2a712cec7fdd
12,13-10-2024,23:11:08,0696502d91d6b2216a05370991225fbf8c4302cfd75df6b479a7e3c30ca36badd06afe1adec2f78cd0d08b76f7136d45cbde647503cc6af5963db31e5204952acc5183499bf78995645ca2e23f94e767bb3449f70cc43fa3536381c583845f65cf76dbed58ebdbed1ba362be15a7c32ba0415c03a6ec3f5ee2e60bea5276d61ef7d65d2d2db2357306f42511ab1223fd5fe0c36d4510b50c164d019a227410b0e2c0e055d422295a4e60372ad13007cd16f672c2e34db30a46c7cd475495cf85e9e95e29af4d56eaf00b294617ccb2c546337b20db185e6c77eaa26f1392167dc72b7aa7d8fe56c29cda201d22db3ace69e3701a20a2c3fcc78efb316234201b,0eef1275d7afc12277e5646654493c6b1dfdced86b7419f8fba4f1070998d1354eb1587c4d46b59f81ddc57047324334224928db11d436c23fb8790d0645f3e5870bd737e097b54a46cff5db0140c1417d1ebf961f23322efce405922da91d091fc2b323ea4fc8582d081ef3e2948d3f6a592d1cd2b8c69c9528f7a4cdd252c8ac5be51b7b0c39440af2834a4dc9f26873186165b4e759f18c0e3c5d3ae77e193cd7bb1b99e188c6189c8fc17b10a5bc63dae9616e24a69b5534a4bccfeeb6495f63632a80b870fdf4b545352e39ce6c1be2114a01b3166628502c8a02224695020e44e552e653c896287fe72b2981358b50dc01cdce02e2e1f4d9eaf9ce851d,2d325f61f7471f5369c4d4a60b4db8984c79b3d7f7fe5f7c1f95389537352c46943cc3ca79f8889f0dde7e044d10dc850112c225d061b96ea597cea598d66ed3c5eed78480f3e8a4d98270c82d909aa5095796d73fc5b1a15ab8a62f104a125e7e27d12778d1eacde874fa877b245e1ecea686c27064f53758406a68eb924e51e38a3ccb39d3fd5021cf23fc65b264e34bca14e7486e7f7bdc2c449cdb88e0fbf5b99d8730fceeea56ba1496e420a084a45fa2ea4f5d0012b4f00c27275118c67ba7eab8229dd6f6be0afafebd69967bcae2f73ba36e97efa6669604efa5bde75f0be117cd474fcfd5df79759962ed86393c2d9c112a5f0147e7353f12a033ea,607e4a7ace89cda817de59ed28e1a1840a8adbae15c0313e025071d082e4d09963652958e35712d88da94dc8582e7f7896364d1ba54cb8d2f2938a6ad48975683f679349332ea0b20494e5d4771576bae8387daaf0f0c1672bf6a276b9b00db4f9b417894ff46614da256a05bb85e6f8d4ad1647553cdb12c5dc9f96a8f50d7cebb40028b54fa8130fa32ab1e047041098b8cec3f6ac42e785c77c920faed8948f401d866db9b730bd85584f07bd005191532ee23fe7981a803c59f8b914f0613629ca2e029a76e54702ae63d4d9e57ff27d29f8fc3609f493be14e7bf88a7b4f3661bbae4ac921dcd2f2f74681e510ada8a10d7925c158a3b8e61624a0eec23
13,13-10-2024,23:12:46,19371636867671a08c8c99787da7f6fa4f134aedef9c0f8bb76445dfc55dcdc5a1be38ad5f310db046a5153a36d0be6e6d2d78a14179521e8dc9d122c4372f0a9be7fb2fa9b6679c6775de8600cc8a3b6d9337fa1c3ee2eb521d6ab10f603a80365a208d2bf954eb7afada1c52b7881d598d5007916f8710bdc83469b15f11f31dad621e5c477787d06421f5f527d2712f5951f4d31d2564c50daab8a5bb42a49e6f466def221b646bc6ccf28f90e0cfa8dc5403a272740e75f615d147e24cbc1320a5fbb042dcdfa8a192aa83a80639f4c5eae230485bb387c27bf8bb5ae99c490637605647971ca45814eea7aa2fb6af17f6ea6c4e30b371d99ed24182384c,81c3833c50d0f329c374cf86b2ca2e36aaf72f7bc36fc969e4e1f91b13122b092fed932bd921b6a79788b259f239440ba5fffd57a3573f9bcd40e08c54e739e5fbb5eb438895c0357692dc63708205dc38cc154d7da3dc6de5bd7b95a046c6057c2ba53e3c1f391317313fec9fb4d807736a8633dc4343cee53b0013163316932260fc52aa907363c87e98ed828afcc1bc0fe2225d53af3732253789b5bd18a7f981f003ae097ef483c7e6a52f8eb90d549ea5dcaeb3ab83e56a692f80a3528f725eda5543aaefbb262d90a290d893d05125a1c54e049008efd0ce5bce7a04cdb3b82d3b777918362470ed4600570a6a325fc0cf429752febf754dced4ede8be,be2a4c5857a765b34e08fcf7586afbf562b1980bf523738dc8343ddd85deef7cb93a20df73719be77a40556a8ce3bad81bc81151bde266e8be2c5470b2a8697eda9652180825119a7865edbae7e93a3731707ebf431031a7d75ab1341b224f0f2c004b53eff0046be5d49e683f0fe61d509f288f37f80e895ae853db6e3556be4ab9cbfbf241e435cd4d33edcb39728aaa907aadf423ce8cbf77bf6bdd63ec39274c12eab7257f7560dcbcde8858aa1c8d6706f009848ec7d59187ae19297b29b5c5a8fe646fe855be1054a2dfafde69075a2fb36c955116cbe4ce63b1ec006741f88744f34c56aaaadf2fbb976ddf4b3176c8e2027a479b639c956a8aaf3a19,372b2ef5686e7573cd7426a0b1fa086ce7a660a7db438798ca4387abb2dee49607f11f31a1ee26d193626560dfeea2e8df9e6faae407aef345945aeab9a38ca8d03fff617de1e86b54efb6499390d49dac4941ae12dca6770d2879a2adf37cd1fbd273e1d08e2e5e886b7be787f02783f5c5aeefcb025647fbd7a08f4ce66334cc55711e71127c60de20e0fdd3c2919d7945699a946ac5940c47308d45d791981fa42eb187b710fb65205eb2284be16ae3d0d92a15bec0a3e64a0e11094a29583c6d04d811e66608aa452600d05af5c7a3989275a80017e3952878332415fee6e27ea56d0d4517e71c071f330caf6cb11aac44984804730d4afe66dbebb321ae
14,13-10-2024,23:13:00,76742e7c1dc4d8c0ec8511872954d1149fac9f2aa42c557f374731b2fcb197dfec3e719c3424b7c71bda557dbc768e657f7e59737ae4c119ac6dc147eb4b2add55e933e6b6ba74ce66595d72c968ea204443cd78b9da4f590237db310f20c26aa578104722d5a4b22ed6c77ca94e289d2c422b58034ae4feb268d937f4dc7c4e31c5c941cf10ff647c781b2e79e533d9cd6f3009ee2eb617d9aaf643fd97cdc2710bdf0719654a94f7219697e1373fbb3c00904e9166670560b2884abd3d70a17850ecf702c4317ec0c3f1cdcc4365ed8352063b8914060b8c7f30c3d2ea54d919cd034a9e52af993b081b8ec2c2d3c9abab6cee78e84e0306322bb6a7f67db2,bcf20c395f9aa97bb1a4bed1b45585733ed3919dd3a9cd48f78426b48592836cec2ce037aa8504e5bdc8e1e5c9d9aebbd48189492559549efaf3b7ed5b318b1d7b33cb47a12dded85a4bb8f3f0140097a66dee430f1e82d92a0ce8043a606779d9dc7ac820e615c8f4710c725174f0f4c26befe599e29bad6d181ffba66bb7a343f4d7354822862a64215e980f75052107ad003826260711946b6fb27a574bc604543fdf2b3dbd13277cab6b374361f7b1f8386c0967e020425d9d08cd8bbf07204977a13ca91da306d7786ca66bf8608e3dae1dd8125f9ee7b2e9691af52beeea81ead5b585f92b3316fa484933dc12c82d122db56762b9aebfc8d56162c13f,1d012489c934eb17c985df25dab1defaa5bc87495b0a770c6bfff0ff2819173c8fbe0483eaac9c21606bc0661f1b3c4730b2b94fbb8fca87c97d85323226d6f3448eab0677a3a2d4ce5ae71a2af4d24ce9fccf691312273d409e48158bef371e17637c982ad7a0d81d641e3232f0d892cd5a82c63ba4e60bb48c27859ba395e1a62dd6a839b70e1ceed449004114f0e78914f5ed9160607c4cbde41167d9ec02a21f2e3055b66093bbb3a0f938b6dc40fa6cac70d86f105b3719f8709c22c65d7f4c91eaefe0a6664d61cd366e9166956b32ebcdfb835fbf52d56405120f7741248f0fe81cf3931473f61ee56b729eabf0c50661d1ed7f5fc22fee4885d2164e,5fe9a4b8b4359800fef9bf30128089c984d2d7d89b370678fac57da90f7232d424a7b0213c39e579c8076df5b4939ab193482af4e9b6e98e332a4aea3442212aacbd5ae1076676460115400e4433a41acecfbe62232db43572c9d758bfcfb68509ff8df33b7a4af4d6b19705056d7760a7411d49603a443a72f9fe4cfd4191fe36510e2f41619559900e3fa2a18d681a6b0a02d428c6fcda578cde27a7bc045fdbf5220c6030060344979f138177cfafcd305937522829ed26130a341f5f0f35e5b65634d1cf6c4cb05c2cf785c4595ded5d455d84ae9c3b09c59bf622137ad5a8ec68faca83836bfdc59c5cb38776e51d4817059a63adabd3faa51cb99ee5b0
15,13-10-2024,23:14:10,6be0d540d0dd62b09cbbc04d9dc678ccc249d3ec508db3735afbe7af1d76ba81e7513331189ed490d7586278464ae9a07db4c486cb9e67bf086fb5cc340cca3b85418470eebdc811e0e158095a656a1b06c2c96c6d00ac7bcdacf03b5b1d63063de165608e6c9ca1005d4e1f3f5f640f878016f70bbbabd44d1e09540d31323f16208f5f251125f564420a1cb15451942e3274cfccc9a3be98209b87c25c8ddc6b9010d02ddb9f6b77f858d91332707d3f03b81070033dfb44c1afa8e7205197d469027949b9af38258e7ddf6051f14ca4a4f1fa37542549238c6608ec5df135934520eb6be3f835d672634c532a2a0f89457f0a3a3c7528835b92f5a575fd7f,aac5c56d507188ed7b4038e446187616e85f6be4af1c7aca09db3e6a4b811a652e87c71c1674f4f2c5a81bb1dd4d20ecfdf019e05f23bc5a1432ba5f41c0149cc29d0c4ebd0ed22d743db4e2df282b4c5925ad4fe0edf27d8e6d2891cf6f9119b59f2783ac3f258883f219de63092aee59ed57f1c40b1709a86ca914fc1e3f486f94bda134b75438a164b7510b5e7df1d6c45261b1f3c2459f2c6849ae7fd3deab3be2347cd9fb5c9f12faaf6bc898b1f5dc997ac91e670c8dd947d043e91b3e620d01e403dc5d220255174ed8f75a3f49307789eca1ee6c6f906c93537ec86ca32d738cb138a5a10c51ec7fd3648ec3b63398a049b0e94415856016909d23f4,634705dca1b49b6c6f4ba3fe1da215356d1545a31ee3a12e1d0538d82fc57f87c8fdcecfe66db7d45c717d4babfc464a9962ed8571d01a7cf8c49d9859e7f1b8819919d133522493a003d817dc90a2dece28c8b60d4c0cc0b84b2b61e76b63bb2ddd36d5c1c2e3046949e6772a7208032ee180c22b6dc3cf65c69ac5316368cdab793f4e2d558214e556b139cfac20c4ab07bfc2a754048b8aab55f7da0687c9217b97f0b12bc12ede5b6bf1fc8a494d05a72f40e0ab3104bbd467c7a685b83829e50fd6e86de5e7a9b38f5e0985bae130e03da2a812638450cdf41d89d9cd3ece517acb4c70fa49ec811aee6a131dd5dfdde845c7b71d4eacdd490c7eb15fcd,73140a2b8effeba3e436d095a9dedbd23f841f5c81a49f89c7a5a494a3a1d6feb8962e6e5f33725bbc40b146c9b5bfb78a91a5f4931811d6a14b112fc8a905cf8bc6cc7320233d88c397de14ce6656e28327dc1305e2448529b6000e5d76d2e5bae9d47fc6ff96ed2831840bec4caf8e267df983441ac134477a082c2fb72dba3775b258a980426c7f5119d75ec70cf2ff202a213935ecbb4cde9a1cbf00788b28cc26e6d893261ccc2f3c5865fc7484a3601e356a3e82947fd8261b806577de1a8e13b5414f701acb75a80e798773bbba9f65b175d03b73935219fc7dec44eafa0f113eddde0b2d8488bfad1ebb51b91aebefc166340297904ab95d102fb270
16,13-10-2024,23:14:10,16dda7a4166fa071e2b91b86022a703e9e9c4adbb223488b774a51188a60cda358c1cd59f964f80400afc3c54cd989b0fd4fb728ff55cd48150ef6b5550e1f5a6d9cd2d373981ed17aaf19810810011907e3bd7023bcd2afd548a1ae55da22a8061c15b0cb87962fff1fcb5b2d2cce79a7741240ca132d31913e8c4dc36a2f83a5388eb687edfaa58ad76cc1e945b627ffbe02f0b83aac36d4d5294553a1aa62f5dcd9923e0d7c63597034bd9115c19e4b9f2b5b598bf5c70310afb64b1a16449c548af250560e038fab7c0467f5bd6022d86989e633b71815908e441be954a15cf8e3465949aaee422837b2264ccff6c5f86e78b3236114f1dd75dd504ea467,85a6d3d06607ccbd1e2a16b82510e4c8ce76ca6c78bd9e06178211282106ea9aef16688913448fbb6206369d4ac1b778d6b95c704eda2f4a19814e6a6a30a7b29c9c0cacf484538566d0ad15eb64e410f3ba12a7382b72abf7421a8ceef2365fbcb1a37f92ff373238b3a5a2690f241b87e000bf7611106d105bf0b6cde99561b27c6aadce45eb48a3451850310d08eeb7a1f58b10d9a683e2572e4b858be1f2409f7c84727e0f6429e164864e165bedab624f576402a484a6b2c49b60a6a26ec6c3682ef16bb0646251544374b71bf3640e7b3616d132e61b74a8aab6ba1be119c240a6aaacfe697424bb174d4949baaf873479686845564b63ea72cddafdff,349874939cf3fee1989c77cfde16621a074f3d96976105fb6d3969ee4e04aacbcfb5a0094cf1a0da02fe85599c990f7cceae2cb49bce38ac56d18ae37804d39c2ba3ce41a9db45854124fb50500a448a6f7bad58c825e74fc7eea2e960a4f6aa7ff3d4f77ff092ebb020dc6b269f722d220ae1005bca682fee76856ac649dcf85023411310dc776cccccd67e41f7c33c4b9adfdb7f3a5e4d8482e68e3826ab7b5cff3b755fb0f875ba200879759d4e6bbbda352f30bc4bbb69fba8280eeafb2264d456b3268c08469209d8dc9aa95e16089dbac5efa23a8c462fecf00ced6d793ca1e2c352d9ed359b9ac55c33f623e63da5253ac90a29ba612f42b536f05d7c,285edea5626a0442533cbf72feef38b84b694f1ff563be28e6981a45631f6351c9a5b27caa45c3c43ccff26af0138b127ea2949a3503f9938de8870a1e0197b22b28f022d9236805d17d022c96df9872e30fad59d5e79c426f89255997bf174bb8ae9f1f42fe9cdf47a6cc708836f8c977b149949f9bf22ab028bbd10092adc4c902293f3019a1c4d9c83ec1dbbd2aca194d88bb553f5430d0503334d8af3a85bfc35e3618c054a2c53384a9e13a34bc0824d13d852a79733a5ddac55a2c0ab990145be048149266caeb8339defe6e1c997065095825349505434addd7f35af0512aafe0944c5718ddc58b3cefd3f7d286ab69da9e86424878420da3fd8e8f9f
17,13-10-2024,23:14:18,21dc3e73b43a2f05c5fee50d66b9a8c5837f65882c4d59eb5c30a819f6eb5f9c4b05fdd73ef04f7e5835a2ea295602dd0433c22f6385981fa45d003212a3a7fe84ccc8a837ff0a12a0eec791fc3860a7a31beb19fc1b138472be826307cc40c23d2053e4d2a728bbf533dfb3e2e09106efa7cd4414e09a54d27df7f1a5be61616b02f8e14f4d56c32c2f66469f95ed6ef2b0335ae13867705f0597ccc40404d70de263c2d3b66459daa980eef269f7184958915edf3fb175b68dc90c7e9d1de025abc8a9171abef5bdd52de2b3e861f66986e703ec66a7e418304ae208496706c4787574c34df077d56891e46577bbd5ecc3507cbbf6213fed46f6f834f47140,348798799e83c6ffe165d4f88efb27454ba4dea36132e3385bd211751880bf849a32f96afcc0325e71d52242c1e13ea9d63f81112b8a3a03629984893059ec52740ae368e42bac67a472e87d910d7ecb6e7d5f97a0156fd55750cbae47a3c38af2130062727fd06b98312e0d8c5e436ceacbc82ab7041814fdc7d92c6c31ef7a86c3a2ac23f00fbe94db03471135c1d87622f5407385eda9cbfa2162729ad8f447dbf8e8c705898e584b5517fb1522b062571ee6c9072672c1e955ec4ef08d19934ee82ad271485046165107c9420f9f8ca10dc0ebeac50279263e81ddeb039c4fd221cda8005771a5619160b31614b63acbdecbe1fbecdf90ba2574ea7faa5e,befd32bfb34b72e52c7262b9e285d7f1673102e2d109a8346e9cd9d8c05b2626304e1275059890c412cde10eba519385c58fdb4d2ace37c56262d0439315b694439d02bfbdd96cabfe575f43e36208591fe353c38442119c51f2dfc6dd67b3be6f999a6484b6f2808aad3341c5eb60d05f01594addaf105896af67365b6e80975c39358e2ac239763c418de04ab2930e530b5723f7f83c97faed40f801f8de00340793bf6d6b2d4533299c8698ec71cc3503ef3200b4bc996e342b7c631eacb4dc2e2cbdc693bbcf369cb8b37e77dc1d476f43724153ea6de344889c8be70121c2ab17eb0ecf420bc1dc5f89d18cfb84220fb77013165bf99e01816fff4f3b16,04c80aa49019a5013c78fe8cbdb5ef05d9714440552d9e43c99618900758cdd42cd82bd5c55b0e1346989047c3b4b66b68e41934b6ecb29bb7112269af1617011e0aa57f2854619ae1e9be1d7d93034cbc65c4a9c98850956faee9d23888567eb846498ce14f85b65c29971f8b90f02f8008ae1874755d9cf6b8f9dd90ad5acb23d9b567daca73682b77b3e23dbba27698fbfdc53c4e9bd9e6341de026c1e87587d497381fc18c5fb2871ac61098a3f3f26e7b221540e264bfb48ede4f9b9726966536db8309149824e6ffadd50182841acab7ce3bedf5abc2458f057e5ee28d17296b7d63d78aa307bd8db89169114654a70db5a867447ef24ba3cc5f8ef980
18,13-10-2024,23:14:25,860f7c270a87d9028940f362096f7d79d9834fbc4a85be5ff2418193dffc02a094a76e4abaaebdc068b84091133c6a5750c33ec99199453f4a18673335b60506d51ce729713d8b24275dfe29ac820ecc180bc7c025cbc7a383be38672e20ac8c379acbe54afc8e2b49f1cc54d9f36d3ed1d5aca437c22d9716e28bc7b7cbaa925bea4905f1893a212279cbd0d524e838840a630149ed7beaa52a3cfbe0354d4d46cfc15443ba7b61142c6d583a28ad7190ae8cc751f78007dee335ac75660db3f3d46ca75b46bb505af9e199cb31e8f45902ef11fe3da91d8906e93ac07d22965a1dea71b3f38af37e924fea206f6837ad9f402dfcd5b8cd926c44227228768f,21c74da5495a03e7658e57ea953c8de4afe933ff50e1c8c75880460b9c84f749d64466f0869e0d227e1c6d3ddc5be668e6de49f07c233c51817a2bc24951b0cb0a816e910cbf495883d417caaa90ab0be9351072bc4c98eb6d88a7176823e1b0977459edd0ef93d20b2b0a80a7b2337cb24fb88fd8d5fe178382f42f8de0558c99891939f1f1dd6048a60233c2ba69b39e7d61ad335fcb9a43477691e7a7cdf6775ca3bdbff9cb38cffa612326e60c09d273cb275b79f7ff1c383869128d8d132a4cc394fda6df2bfdb375b9f55bbb93f2de66575b01c145f35d34bcac5bb3c8a07e28091c6171279c4503bb81cf68ebdc427feb7606735801f5635ce5c325eb,08f464a4b6f798cd362aa43c2be4b20ecfd77d0ffda38bba263ad548a51dab2c3a6c0b2254be025a723022370d8e2722c1f393307d43fc710bdfbaafd0eda2a1f662c58b65e4816b92eaf364d8c567db3cd4dce0767f5bb19d17d1c1d1a7da9fa4eb4109ce152c131c297aa7d9f8b41616b32bbf3d003696385d0bdfacdfc805b0bbed0d9e58e92a85dc6e7f291ee7424164b4094553200e8b93171c3a3dc21c0b52afc6bb54c7e9f3d3fe6212c7752a738160b1ea60eed994af240a95a25308416c40c08ea9192d4848d821630d6d606fba64d68cf529196a2246f1a187b24a73219850e988f3eee9ce6cd26ad6b156fa8956104469a2db50a7345bfc99da61,6f3e4ddf585221d859a9077bdee606503b1c462edc2cbaa9dc3aafad298856ea1ff6165c64780b23dc233453f5ba861541a60daa16acb1e06f91618cb587ac93f3786c426ddd71ca21709b1d67fdc2fa26548d5a3db6e15f620b60d16cd95fe1dda733a822e198ecd34edf2afa3bba5d0d0bd69e04c554aa8947e8fb65ef174625e27122e0a1ee2a06d89b546609415204bdfc81d8d6f1d3cf72ce9958d8fea03c20c59f4f1de0f10bb296747fd150e03184863772a0eec0a69d4c2e8c6d2c3fb37018c0a7c54c9ddb74662e6e1a5fd08ae6e252d4b93d471ef81a3981f801efb8c822c58b7b91066a343cc7466deaa132640c9250e89628ba077745e71c011e
19,13-10-2024,23:14:41,5ee80accad0f25f2bd00b5ed9e95cde72a55535798ce15f52ebc451853947787bffa4983fe754bea514b21ce09dcd5da85bde06f88fa4422152db0618ecf29ce242fe3d36b2c94743baceb6826cee98a526d6379186bb79a8ef88ca0ec7657571ee98f9ff53a88c4cd53b9fc74bc6ab6eef70abb53b355bb9dfad7fe0c8ad5442570fac25b7b4854de11fc5d1f4b108fa0b3ca4bd0cc514ca29f1d197489c4eb1b68209d250a21cad1bc946d09fdc4fc6e2fa6725977eb91e8e69917745fc5d3bda34b155efcf3b0ba1720243b47c2f953e95508b7e96f977319a0c6c5ea95481011e0abfa7a72564e529601ac654edf38bf9520a4a9470561165cb7c905e769,76c181b27fb301c52090fe8303690f91ff42a774997adbd5ea7c71fa769932b8c0efabe648d909051d2ecee6f864572d80053b652e2a61fef6b68e9a417f536b065ac8d6ae0a310f0edf7997b7194a46ee249af4e3f219e13ca983ad0a4efbe50b2225eecf8a2e2d7a49d7ab283e17a8483b526d28571ceee6f127090f3d43fefe37eb680ad852aa6544d188cc34b908c9ece3d13277e50d22e7002f21b93f8f58832f08110b929a892dc62e592deb3e47b0937e3af823589e27e2826cf9230a5612b45d39d4f712959845cf009b5a17829a6fd702047731af097a44e5242e6292a38ebff426b5e76adb0ae012a043940db6ca3efaa24dda3bf0a1262b8cf9a0,5cff55bf3300af8a30b2e934e9d861e72bd39117fb9d1c43568586a7c86f97f871b69b941d217606da9d53afcfbcbbce9d6158d5bb6bcf83016898c01444ab807bd6f5756f0e8022d055ec001c372356287dd3f1efcacfc33f4d954e272603624dcd72577191f2e964f53f51001011e867ebbbf82b9ce8cc46c11fb257f3b505b77014a3a1162eb0e673fb8a755b195b058c581529384896e6fd59c3e15382e2689b25efe31ed5eaaa8d83047fbb0dec9f747899a4e2d9a8ee458313a071fdd065e2ae6921222ec4aff995e30fba2541068584f7d9115450f527b1674025fe166eea53736eab7ee72f35954c5181562cddb8e41dcac9948199157b6e6208ac76,471f2a259ee7f37a4cdc890126feba778142bc6b1c8ad56bcacc15d0a9e656561c840de3e511b627d89eab204346867d612c768be689d2508535c9c3f3864cad0c32350da08ae408b724a7c76b9e98d4b9c4df7577713c221e32c33b366e8545955c7d99d2393097a18b0b04989aacddeafc72eb08ef13bd1a8ceda94ffcbcacbfa137fc468c3db99f1f17b2f2c5f3055bb4474099fd2b54817aaafc8145621f119f017dab11440c032247e62d2b89e0fc6e283a748ff3b40602d6a12545116194de47c15d715daacfccde36cc78e65960925dc5170bd58f397fe0180eab4adc51d36aa4a5b55e40bcc0674f99841c71e0532c724ac8ce6f670b3ac49d65865c
20,13-10-2024,23:14:45,4a642b67c97b1a4a9e1ecae79549f41b002e1445d51595a486b04f1991a843761393090e21162d422ad84982a87d38330634a2ec6f482ba9d88a2b669284a2967f239a113108718dba9cc223e6fafe1460ffc88017a58171cd83770227a284e524541e028e4116480290d114e4e54f574b7f56032f0e5fa1b968c77415d3cd81b5a498f9d8b1397f1c027a7bab554f22a613e4677fb0a391ec3ff3180a7983e3d6281bcde993c102446a3621cb82d778e6a060917e841a9c6e4536e59e008d8eee15da489a463007324e8cac69952f47fb594f38f620069d92068de5a78caf1711fdc0104c9b059826dd6271cb4f335a29a1da9efbac1b804e5da9cfae4038cc,90f6c8eceb4aa4afd8d6235e66f3e0f17f6c4e5a4e75eb12c12e6dbdb1010085e9a78d2aedc24cd341e5a456c558440bd2597c156d50853591ffeda7c8ff09e853fe924a7774bb51d0363bd3e2063d177aa6ea761851289353d3a4dcea5c75edb51bbb1c0b21d96c9468b720cbdcd76e9cc336f5cf25730c4e697a4a9841a5fe9fc6702d6cdca373ecfa044f64b67b53c4f7ade7e9e5068f04c5438c8fc7d5b16346fb9aff8ba4dd31b51e8dc765a972183ecf0a1f8bb3a88ec985e83349919a10447b7b2a57b60d2b1738ce0231105162a83f4881b46eff2ff63f1903bbceac6f1985542f65da271279dce00ffe09fdf7f4a92fa0e7fc4eda01ae5fe5b69c8c,754bc0ca80fbaf6481dd951aa63fb0c29fc707ac1aec431d2652df6e25a3f4b4ee8dfac52a7a2825408973da047b42393d6b963a8e56a892cbcaa45f5b56356d69d43ddbf771c70463ef16b12a9dce03463bdb92dda803e578deeb29d0a45da2bb81c293787c22221039c45b36df08cae4d32b48ab9b9664e5b9604c14508fb160d6bce5e68e1ba6e29f9b8a0c20964ef7dc07d42fcfcbb83f0e799442c1acd7b634bcdfdbd6486525983b0481ca401b1b6d57a13dac7f0193722b6b09d99986ee50d9642b7663fdf115068ca642d94091ed9cc7aed8847cf61b2e13b00ba62445701ac101a6eeb34da24657c44e0d589b6f984cb34dc13f65bafb6ad9b035a2,5632c00ded32f44f07fe35651524e875875ee1ab8b476fffdf4db13ab4105bf264b12d928fa5f00ec5ef248101b60d9fb600e79460a487dc79daba5cc9135313fe69e22750655c51475fbf18f99cb6f87adb207b9acc8e4fe9aef3a9314c9b621c7f29e6a4f69a2e1c4ee27593629ece93c7dbb7b1f3c440e0d0cb75d6d37004e51632c8206132a1b48ae4fe51dc362f85c17a8ad47c92631ad6b3dd33f2a3aabb420020043c2b49a2554afd8aee3dd73e5278f4c584a2d34e0675293fa786a7a04966af8f4823c928cc558340ee09b9db370445d28c3d7f282c1039f8966b2c7ef1e5bc90fc193712703df47ae682cf1b36c54533180f0ee82042d7eb44bcd1
21,13-10-2024,23:14:48,b8f9db56f5b4ddec57a22680605ce4ed9a72a07eb04ced783e1150746ee6a952b7d2e993629c324c441407eae9af9259ccbaa8289b9267749ea632db15e5d01e92383d0183daf93b8bb3deaeae67dfb24483ee8c381aa70606e9a523de1d63f78d9c5ef651c5d74dc0b0a503d60bc19a48346ab9fb4450c06697fc13eb79081d23c77728ee5c30271866edaea353fad3386d4a1156b576dd1b2324209aeb8830292d8e33ef2e85ea8a05abacf8115e44cb2900c70714609bd40dba49a9ee156fab7d1907281f2a7cb66c875e2342ccf96cd0785fd3ee930495ecd257771f2f7e385d20b8dac582133314c0f2c7cc20ec333e3f9b4fa0a114a1f3d97f12cfe5c8,635548ccda8cc35a1e48b804b5adc26ef4b5821c3064f50361a2a9bae0f860967e768cefbc7f8698cc9b41867736967a5e8bd00f99fcf074e9ef2b12fe6e543b07705931eab5be2bbc28a386db3d72bab6a605af6efd8680c79006c49de4d47df7bc663e8cfeba07af801c62e0fc6b920082a8c752c29b419fbc2704e591ae0516596e6862d277f5ba91074c9838f6671c89865afe69af4f2cb883ce0dc008a33f209aaa4771358579c9278779434cc802fa039500e009aa56ccd8006081d1ccc8ed65f00ae3718d4ccef36d14638eedd70afa4857058d6d7ed6b49250a462a09dc0e84a45cb669c546b47764478280fb2faa7f40e60b507cd345675f5fb8ca5,0466e16c7e732a023ba9f30158985b9c76eeebe1f412dec7f030e08af058d6b5784ce1ad113e2019e4a1e212181b286db6e51582ec9b0e29e5531da74c4f171fb4fec9738ca45e4d66ac37b1bb9083fdacb582d1c15daa72374e5e8734407ba34fba95df5da4dc458b6be692e9634a9550ea8ecc623f0fa22e9f66062fe39188097c2e2b1b89e5970919458f1fc47e20f85d6a7550234626468692ec35c2ecde23623daad45406788ad4481477355e9061f596e38b18542af6c60735b39d0ffc361b439535650ca8e2d43332c01cd413227cdfc83d2393595bbb99c5dd290e24f889f5604788f68df756bcb2cbd469e114abdba89f567864d2b045bdd44bda08,2a150d0d80c079ab81bc41cf9832a953e918898dd419f149d7116abd4608d658dd14c51b0ff69c85911832b5e49c7953c023120311be7df9e4df6d456b8245f9237d3e125a59b240c427f3c576b44187eb13e2ec34d1059ee460192fd27b20efc90e2224393b795a455c4350c133d6c02723b1b46a4c56bf633378a80758748df968b273674315194df9f35bf879760ef45b0eb6bb63ab2dc45ac5c3258998688f273e3b3261836eb0190470ab5652e25bf9c8a7a1400c18764f3a97401162b8cbee1989c52d9452757131a19d9288c71b7907d9cd56711f0ae72030793dd62e3fb05c5bebe2e105a87310777fdd1b4070ff3d00cd490934f0672b1c2511b1e7
22,13-10-2024,23:16:07,8c0bb546f6a77626f27430e71bf7425057bf678e885171994f9d9556fff1bbfbe8182e308a41c3446dee7586fed91947a383e07b7f6622ac1cdce586115e02314f99895c78caad2d8ee28abc1d4016f531648e19813dff75855abba32213121624deb503f4e774e84bc5a2ea34b9d0b7f48dc3bcc14b9cce7300f0c37c03f319b65d10bb79b479a105bbbae8844ef5bee17c051d5a1240c75a66d89c3029e55d9cbbb1ff4dd5a032c5431c84a6443364ee249b918ef30f1223f0eb3166df3f3012b693171f0b440967afea3c5609c8ef4f76b897ac7871a8f50f3b8d1e41f6f6050f5e38ca0ce2207558a64a33f68cde9a23535f2abec84da745ad4e4b382f6f,056b4a7d9f322dec3eb394b3416135fb37be8ac0d1a4ccc9ccea8071ae1c0d876536e9cff085ee27632861e820467a01bac103214cd11954e87a3f40fa9b5500c62f7b9fb98c8f5fea166a11b239232cb60ef8f24789e5828087ee9e1894300ec12150f172e2022a0203c0e463de4275185c44307f823a4b8c10406d1586546eb6a6e8622c5e6db7b76c8d742e63d8de4825d2062ccc22effe80d73539a9670b5fae454a4a340f0eca3f69de3936964be5624b3e307af4c3d6e59bd980b210c6504bee766b11a98e282f15154f392d673150fe4cf735952119d6c150818d217132a11b1e0b1ce629ddcce8c2c8e15e1e287624a95924c16052071d09854dd5dd,0533b745d8f34f7417132eca85d6e5a2e4a108575fe38c4413013ef19061a3628ea4a5f26dfeccd3712694601e59702ff1df2b45ff8c7b057fe2bfeb3aa86095a2be3dcd6cc8cea528618f1fbd0196f2e5e2e82f553bf587e65147e6347f4f1bd4e28c4d5b1f0cb35236c23fade213d6e3d533503b4b44ea39eb8973aa16275dd0caab9c5541dcc683ca2d310c444919710d54049c79e0ef49c13009e52549dc750cf851843da9db80bc90aea3728edebb5828e26be7f989f429e5209c7ffe39eb5a54aeb92d2e60cfc1bbc680cc87f30b08d1ab314f08eec4eed40bdab7c933e5fdfd7c248f050c9f8a96943c5e71bc3990c23711e3a8f8ca6bfe3def76fa7a,9874ae96587bfc61149095bec5040dbbc866ac082b944c57101a3aa9a499f1567a5c261ed89417b2b02fb8b8d0b2a52e7b61766a4b16f521cd1c52557468c76b7d4d242a09b55ed2804416305048995d64bcc894448e6bf828d2af755d9f77ffb5df6b69e5c77853d52e8eee0e113326c2c679510c3b0ae0a06f239225a7d2057b8db3f842afdd8b85dbbea9eeb96f57cabfca93b292223276167770e3f565795a8ae09d53a207dd5cd573375073c782592134d3631dbe8a46c2d5509be4694ca5c4f3cef4680ec099fcdb6d58d3be9142ecd76703f4bf13dea62fca71d9a957e221184a7bd44eba9328ae14678c4f02694634b062c1e8450acac6ec8080807a
